address,kind,name
0x002d9484,data,game_table_2d9484
0x002d9738,data,game_speed_table_2d9738
0x0011040c,label,game_records_11040c
0x00110310,label,snake_state_110310
0x00110344,label,snake_speed_110344
0x0011fd1b,label,game_index_11fd1b
0x00241fd0,function,rotation_handler_241fd0
0x00240d82,function,snake_handler_240d82
0x0024075c,function,memory_handler_24075c
0x00242890,function,game3_handler_242890
0x00240604,function,level_widget_callback_240604
0x00241198,function,snake_draw_241198
0x002413dc,function,snake_step_2413dc
0x002414dc,function,snake_food_2414dc
0x00241620,function,snake_advance_head_241620
0x002416f6,function,snake_place_food_2416f6
0x00243170,function,games_ui_refresh_243170
0x00299e5e,function,game_record_save_299e5e
0x0029a0e2,function,game_records_load_29a0e2
0x0029a144,function,games_menu_handler_29a144
0x0029a2a0,function,game_over_score_screen_29a2a0
0x0029a3a4,function,games_app_callback_29a3a4
0x0025eec0,function,lcd_fill_rect_25eec0
0x002b5c7c,function,memcpy_2b5c7c
0x002b63fc,function,int_to_double_2b63fc
0x002b49b8,function,double_div_2b49b8
0x002b6124,function,double_to_int_2b6124
